{"cameraMode":{"drawMode":0,"name":"Shaded","section":"Shading Mode"},"sceneLighting":false,"audioPlay":false,"sceneViewState":{"showFog":true,"showMaterialUpdate":false,"showSkybox":true,"showFlares":true,"showImageEffects":true,"showParticleSystems":true},"in2DMode":false,"pivot":{"x":-0.25110626220703127,"y":1.6512680053710938,"z":-5.72625732421875},"rotation":{"x":0.24082954227924348,"y":-0.22044166922569276,"z":0.05626414343714714,"w":0.9435642957687378},"size":120.96903228759766,"orthographic":false}