{"cameraMode":{"drawMode":0,"name":"Shaded","section":"Shading Mode"},"sceneLighting":false,"audioPlay":false,"sceneViewState":{"showFog":true,"showMaterialUpdate":false,"showSkybox":true,"showFlares":true,"showImageEffects":true,"showParticleSystems":true},"in2DMode":false,"pivot":{"x":-2.0840001106262209,"y":-0.09999999403953552,"z":-1.8430001735687256},"rotation":{"x":0.24082954227924348,"y":-0.22044166922569276,"z":0.05626414343714714,"w":0.9435642957687378},"size":1.33367919921875,"orthographic":false}