{"cameraMode":{"drawMode":0,"name":"Shaded","section":"Shading Mode"},"sceneLighting":false,"audioPlay":false,"sceneViewState":{"showFog":true,"showMaterialUpdate":false,"showSkybox":true,"showFlares":true,"showImageEffects":true,"showParticleSystems":true},"in2DMode":false,"pivot":{"x":-0.7306666970252991,"y":-0.3919999897480011,"z":-0.1263333410024643},"rotation":{"x":0.24082954227924348,"y":-0.22044166922569276,"z":0.05626414343714714,"w":0.9435642957687378},"size":0.5266561508178711,"orthographic":false}