{"cameraMode":{"drawMode":0,"name":"Shaded","section":"Shading Mode"},"sceneLighting":false,"audioPlay":false,"sceneViewState":{"showFog":true,"showMaterialUpdate":false,"showSkybox":true,"showFlares":true,"showImageEffects":true,"showParticleSystems":true},"in2DMode":false,"pivot":{"x":3.5826666355133058,"y":0.38999998569488528,"z":-0.4330000579357147},"rotation":{"x":0.3512863218784332,"y":-0.5632866024971008,"z":0.286425918340683,"w":0.6908934712409973},"size":1.1431536674499512,"orthographic":false}