{"cameraMode":{"drawMode":0,"name":"Shaded","section":"Shading Mode"},"sceneLighting":false,"audioPlay":false,"sceneViewState":{"showFog":true,"showMaterialUpdate":false,"showSkybox":true,"showFlares":true,"showImageEffects":true,"showParticleSystems":true},"in2DMode":false,"pivot":{"x":-0.6506666541099548,"y":0.04399999976158142,"z":-0.7229999899864197},"rotation":{"x":0.24082954227924348,"y":-0.22044166922569276,"z":0.05626414343714714,"w":0.9435642957687378},"size":0.7218246459960938,"orthographic":false}