{"cameraMode":{"drawMode":0,"name":"Shaded","section":"Shading Mode"},"sceneLighting":false,"audioPlay":false,"sceneViewState":{"showFog":true,"showMaterialUpdate":false,"showSkybox":true,"showFlares":true,"showImageEffects":true,"showParticleSystems":true},"in2DMode":false,"pivot":{"x":1.094825029373169,"y":-0.09000000357627869,"z":-0.8924846649169922},"rotation":{"x":0.24082954227924348,"y":-0.22044166922569276,"z":0.05626414343714714,"w":0.9435642957687378},"size":1.3613842725753785,"orthographic":false}